"Code","Departement","Inscrits","Abstentions","Votants","Blancs","Nuls","Exprimes","Sexe","Nom","Voix","Sexe.1","Nom.1","Voix.1","Sexe.2","Nom.2","Voix.2","Sexe.3","Nom.3","Voix.3","Sexe.4","Nom.4","Voix.4","Sexe.5","Nom.5","Voix.5","Sexe.6","Nom.6","Voix.6","Sexe.7","Nom.7","Voix.7","Sexe.8","Nom.8","Voix.8","Sexe.9","Nom.9","Voix.9","Sexe.10","Nom.10","Voix.10","Sexe.11","Nom.11","Voix.11"
"01","Ain",438109,97541,340568,5641,1903,333024,"M","MACRON",92206,"F","LE PEN",86755,"M","MÉLENCHON",57832,"M","ZEMMOUR",27530,"F","PÉCRESSE",17572,"M","JADOT",15843,"M","LASSALLE",10876,"M","DUPONT-AIGNAN",8998,"M","ROUSSEL",5938,"F","HIDALGO",5644,"M","POUTOU",2172,"F","ARTHAUD",1658
"02","Aisne",373544,101089,272455,3767,2828,265860,"F","LE PEN",104342,"M","MACRON",58721,"M","MÉLENCHON",41172,"M","ZEMMOUR",18266,"F","PÉCRESSE",10920,"M","JADOT",7074,"M","LASSALLE",6468,"M","ROUSSEL",5968,"M","DUPONT-AIGNAN",5790,"F","HIDALGO",2983,"M","POUTOU",2118,"F","ARTHAUD",2038
"03","Allier",249991,58497,191494,3749,1790,185955,"F","LE PEN",50315,"M","MACRON",49706,"M","MÉLENCHON",31013,"M","ZEMMOUR",12361,"F","PÉCRESSE",10319,"M","ROUSSEL",8119,"M","LASSALLE",7782,"M","JADOT",5982,"M","DUPONT-AIGNAN",4216,"F","HIDALGO",3280,"M","POUTOU",1503,"F","ARTHAUD",1359
"04","Alpes-de-Haute-Provence",128075,29290,98785,1478,624,96683,"F","LE PEN",26010,"M","MÉLENCHON",21856,"M","MACRON",20800,"M","ZEMMOUR",7926,"M","LASSALLE",4309,"M","JADOT",3957,"F","PÉCRESSE",3834,"M","ROUSSEL",2721,"M","DUPONT-AIGNAN",2504,"F","HIDALGO",1396,"M","POUTOU",865,"F","ARTHAUD",505
"05","Hautes-Alpes",113519,25357,88162,1395,532,86235,"M","MACRON",20507,"M","MÉLENCHON",19718,"F","LE PEN",19696,"M","ZEMMOUR",6164,"M","JADOT",5013,"F","PÉCRESSE",4511,"M","LASSALLE",3871,"M","DUPONT-AIGNAN",2142,"M","ROUSSEL",1925,"F","HIDALGO",1459,"M","POUTOU",801,"F","ARTHAUD",428
"06","Alpes-Maritimes",778582,208250,570332,7550,4007,558775,"F","LE PEN",148919,"M","MACRON",139707,"M","MÉLENCHON",92345,"M","ZEMMOUR",78208,"F","PÉCRESSE",31260,"M","JADOT",23374,"M","DUPONT-AIGNAN",13307,"M","LASSALLE",12767,"M","ROUSSEL",8858,"F","HIDALGO",5414,"M","POUTOU",2989,"F","ARTHAUD",1627
"07","Ardèche",255859,54114,201745,3311,1459,196975,"F","LE PEN",49594,"M","MACRON",45353,"M","MÉLENCHON",42837,"M","ZEMMOUR",14199,"F","PÉCRESSE",9553,"M","LASSALLE",9033,"M","JADOT",8544,"M","ROUSSEL",5710,"M","DUPONT-AIGNAN",4927,"F","HIDALGO",4189,"M","POUTOU",1817,"F","ARTHAUD",1219
"08","Ardennes",186197,49368,136829,1909,984,133936,"F","LE PEN",48242,"M","MACRON",31656,"M","MÉLENCHON",22281,"M","ZEMMOUR",8771,"F","PÉCRESSE",5556,"M","LASSALLE",4084,"M","JADOT",3446,"M","ROUSSEL",3009,"M","DUPONT-AIGNAN",2957,"F","HIDALGO",1741,"M","POUTOU",1112,"F","ARTHAUD",1081
"09","Ariège",119039,25028,94011,1532,775,91704,"M","MÉLENCHON",23908,"F","LE PEN",21958,"M","MACRON",18071,"M","LASSALLE",7532,"M","ZEMMOUR",5821,"F","HIDALGO",3208,"M","JADOT",3020,"F","PÉCRESSE",2724,"M","ROUSSEL",2701,"M","DUPONT-AIGNAN",1621,"M","POUTOU",723,"F","ARTHAUD",417
"10","Aube",205551,52384,153167,2339,1158,149670,"F","LE PEN",49316,"M","MACRON",38321,"M","MÉLENCHON",22483,"M","ZEMMOUR",11374,"F","PÉCRESSE",8923,"M","JADOT",4619,"M","DUPONT-AIGNAN",3966,"M","LASSALLE",3787,"M","ROUSSEL",3094,"F","HIDALGO",1720,"M","POUTOU",1062,"F","ARTHAUD",1005
"11","Aude",279927,62972,216955,2962,1567,212426,"F","LE PEN",64027,"M","MACRON",43104,"M","MÉLENCHON",42039,"M","ZEMMOUR",18434,"M","LASSALLE",12382,"F","PÉCRESSE",7350,"M","JADOT",6322,"F","HIDALGO",6166,"M","ROUSSEL",5622,"M","DUPONT-AIGNAN",4206,"M","POUTOU",1748,"F","ARTHAUD",1026
"12","Aveyron",219468,43833,175635,3079,1654,170902,"M","MACRON",47430,"F","LE PEN",34357,"M","MÉLENCHON",32734,"M","LASSALLE",14825,"M","ZEMMOUR",10112,"F","PÉCRESSE",9988,"M","JADOT",6746,"M","ROUSSEL",4515,"F","HIDALGO",4470,"M","DUPONT-AIGNAN",3477,"M","POUTOU",1354,"F","ARTHAUD",894
"13","Bouches-du-Rhône",1411184,383816,1027368,13341,5407,1008620,"F","LE PEN",264753,"M","MÉLENCHON",237971,"M","MACRON",229038,"M","ZEMMOUR",108617,"M","JADOT",42109,"F","PÉCRESSE",36229,"M","ROUSSEL",24295,"M","LASSALLE",24256,"M","DUPONT-AIGNAN",20051,"F","HIDALGO",11760,"M","POUTOU",5963,"F","ARTHAUD",3578
"14","Calvados",512148,117799,394349,5547,2571,386231,"M","MACRON",120366,"F","LE PEN",91774,"M","MÉLENCHON",73950,"M","ZEMMOUR",22255,"M","JADOT",19621,"F","PÉCRESSE",18383,"M","LASSALLE",9816,"M","ROUSSEL",8777,"M","DUPONT-AIGNAN",7920,"F","HIDALGO",6848,"M","POUTOU",3764,"F","ARTHAUD",2757
"15","Cantal",115745,25019,90726,1803,821,88102,"M","MACRON",25038,"F","LE PEN",21570,"M","MÉLENCHON",12944,"F","PÉCRESSE",6987,"M","LASSALLE",6848,"M","ZEMMOUR",4906,"M","JADOT",2751,"M","ROUSSEL",2496,"F","HIDALGO",1810,"M","DUPONT-AIGNAN",1547,"M","POUTOU",650,"F","ARTHAUD",555
"16","Charente",257608,59909,197699,3293,1740,192666,"M","MACRON",53126,"F","LE PEN",50432,"M","MÉLENCHON",37305,"M","ZEMMOUR",10617,"M","LASSALLE",8482,"F","PÉCRESSE",8343,"M","JADOT",7557,"M","ROUSSEL",5374,"M","DUPONT-AIGNAN",4345,"F","HIDALGO",4003,"M","POUTOU",1763,"F","ARTHAUD",1319
"17","Charente-Maritime",519202,116437,402765,5918,2780,394067,"M","MACRON",113753,"F","LE PEN",99790,"M","MÉLENCHON",71633,"M","ZEMMOUR",24347,"F","PÉCRESSE",19316,"M","JADOT",19012,"M","LASSALLE",14335,"M","ROUSSEL",10002,"M","DUPONT-AIGNAN",9289,"F","HIDALGO",6857,"M","POUTOU",3403,"F","ARTHAUD",2330
"18","Cher",224570,59808,164762,3146,1083,160533,"F","LE PEN",44772,"M","MACRON",43497,"M","MÉLENCHON",27901,"M","ZEMMOUR",10822,"F","PÉCRESSE",8147,"M","ROUSSEL",5749,"M","LASSALLE",5495,"M","JADOT",5028,"M","DUPONT-AIGNAN",3770,"F","HIDALGO",2585,"M","POUTOU",1463,"F","ARTHAUD",1304
"19","Corrèze",185032,38430,146602,2517,1485,142600,"M","MACRON",33125,"F","LE PEN",31658,"M","MÉLENCHON",27731,"F","PÉCRESSE",12278,"M","LASSALLE",10177,"M","ZEMMOUR",8012,"M","ROUSSEL",6292,"M","JADOT",5040,"F","HIDALGO",3605,"M","DUPONT-AIGNAN",2618,"M","POUTOU",1179,"F","ARTHAUD",885
"21","Côte-d'Or",366859,77886,288973,4577,1651,282745,"M","MACRON",80734,"F","LE PEN",69110,"M","MÉLENCHON",53875,"M","ZEMMOUR",21651,"F","PÉCRESSE",14344,"M","JADOT",13462,"M","LASSALLE",8183,"M","DUPONT-AIGNAN",6478,"M","ROUSSEL",5721,"F","HIDALGO",5126,"M","POUTOU",2286,"F","ARTHAUD",1775
"22","Côtes-d'Armor",471752,96597,375155,5722,3040,366393,"M","MACRON",113656,"F","LE PEN",79850,"M","MÉLENCHON",74226,"M","JADOT",19349,"M","ZEMMOUR",17319,"F","PÉCRESSE",17235,"M","LASSALLE",11949,"M","ROUSSEL",11628,"F","HIDALGO",8279,"M","DUPONT-AIGNAN",6404,"M","POUTOU",3895,"F","ARTHAUD",2603
"23","Creuse",90946,21967,68979,1388,743,66848,"F","LE PEN",16772,"M","MACRON",15542,"M","MÉLENCHON",13679,"F","PÉCRESSE",4391,"M","LASSALLE",4275,"M","ZEMMOUR",3501,"M","ROUSSEL",2430,"M","JADOT",1906,"F","HIDALGO",1641,"M","DUPONT-AIGNAN",1556,"M","POUTOU",665,"F","ARTHAUD",490
"24","Dordogne",318168,64856,253312,3636,3120,246556,"F","LE PEN",63327,"M","MACRON",58532,"M","MÉLENCHON",50054,"M","LASSALLE",15850,"M","ZEMMOUR",15800,"F","PÉCRESSE",11280,"M","ROUSSEL",8855,"M","JADOT",8563,"M","DUPONT-AIGNAN",5416,"F","HIDALGO",5362,"M","POUTOU",2223,"F","ARTHAUD",1294
"25","Doubs",368379,84117,284262,4989,2176,277097,"M","MACRON",76338,"F","LE PEN",66703,"M","MÉLENCHON",55587,"M","ZEMMOUR",19486,"F","PÉCRESSE",15107,"M","JADOT",13096,"M","LASSALLE",8688,"M","DUPONT-AIGNAN",7775,"M","ROUSSEL",5001,"F","HIDALGO",4902,"M","POUTOU",2345,"F","ARTHAUD",2069
"26","Drôme",382188,84289,297899,4577,1898,291424,"M","MACRON",72228,"F","LE PEN",70574,"M","MÉLENCHON",65258,"M","ZEMMOUR",22010,"M","JADOT",14234,"F","PÉCRESSE",13204,"M","LASSALLE",9945,"M","DUPONT-AIGNAN",7758,"M","ROUSSEL",6752,"F","HIDALGO",5311,"M","POUTOU",2109,"F","ARTHAUD",2041
"27","Eure",432198,106463,325735,5085,1789,318861,"F","LE PEN",102952,"M","MACRON",83058,"M","MÉLENCHON",55571,"M","ZEMMOUR",20930,"F","PÉCRESSE",13552,"M","JADOT",11477,"M","LASSALLE",7768,"M","DUPONT-AIGNAN",7563,"M","ROUSSEL",7056,"F","HIDALGO",4027,"M","POUTOU",2710,"F","ARTHAUD",2197
"28","Eure-et-Loir",303888,78960,224928,3489,1418,220021,"F","LE PEN",61960,"M","MACRON",59869,"M","MÉLENCHON",40529,"M","ZEMMOUR",14803,"F","PÉCRESSE",13003,"M","JADOT",7904,"M","DUPONT-AIGNAN",5731,"M","LASSALLE",5694,"M","ROUSSEL",4267,"F","HIDALGO",3076,"M","POUTOU",1766,"F","ARTHAUD",1419
"29","Finistère",709701,154870,554831,8692,3220,542919,"M","MACRON",174894,"M","MÉLENCHON",116591,"F","LE PEN",100890,"M","JADOT",33200,"F","PÉCRESSE",26541,"M","ZEMMOUR",25607,"M","LASSALLE",18320,"M","ROUSSEL",15340,"F","HIDALGO",13077,"M","DUPONT-AIGNAN",8566,"M","POUTOU",6266,"F","ARTHAUD",3627
"2A","Corse-du-Sud",113918,42366,71552,1130,1561,68861,"F","LE PEN",20139,"M","MACRON",12932,"M","MÉLENCHON",9330,"M","ZEMMOUR",9199,"M","LASSALLE",6729,"F","PÉCRESSE",3772,"M","JADOT",2266,"M","ROUSSEL",1850,"M","DUPONT-AIGNAN",1215,"F","HIDALGO",624,"M","POUTOU",608,"F","ARTHAUD",197
"2B","Haute-Corse",129114,48263,80851,1463,877,78511,"F","LE PEN",21998,"M","MACRON",13773,"M","MÉLENCHON",10368,"M","ZEMMOUR",9657,"M","LASSALLE",8601,"F","PÉCRESSE",5555,"M","ROUSSEL",2687,"M","JADOT",2520,"M","DUPONT-AIGNAN",1374,"F","HIDALGO",959,"M","POUTOU",762,"F","ARTHAUD",257
"30","Gard",555038,132723,422315,5840,2496,413979,"F","LE PEN",121480,"M","MÉLENCHON",88827,"M","MACRON",88278,"M","ZEMMOUR",38479,"F","PÉCRESSE",15460,"M","LASSALLE",15162,"M","JADOT",14974,"M","ROUSSEL",12123,"M","DUPONT-AIGNAN",8137,"F","HIDALGO",6585,"M","POUTOU",2706,"F","ARTHAUD",1768
"31","Haute-Garonne",930321,183366,746955,10129,5847,730979,"M","MACRON",196712,"M","MÉLENCHON",188867,"F","LE PEN",133254,"M","ZEMMOUR",50613,"M","JADOT",42599,"M","LASSALLE",35479,"F","PÉCRESSE",27153,"F","HIDALGO",19658,"M","ROUSSEL",16307,"M","DUPONT-AIGNAN",12443,"M","POUTOU",4888,"F","ARTHAUD",3006
"32","Gers",147278,28267,119011,1762,850,116399,"M","MACRON",28970,"F","LE PEN",26015,"M","MÉLENCHON",21353,"M","LASSALLE",11720,"M","ZEMMOUR",8396,"F","PÉCRESSE",5126,"M","JADOT",4090,"F","HIDALGO",3861,"M","ROUSSEL",3128,"M","DUPONT-AIGNAN",2418,"M","POUTOU",793,"F","ARTHAUD",529
"33","Gironde",1158548,249014,909534,12367,5147,892020,"M","MACRON",256179,"M","MÉLENCHON",194775,"F","LE PEN",191542,"M","ZEMMOUR",58321,"M","JADOT",46677,"M","LASSALLE",37725,"F","PÉCRESSE",37575,"M","ROUSSEL",21522,"F","HIDALGO",19598,"M","DUPONT-AIGNAN",15693,"M","POUTOU",8734,"F","ARTHAUD",3679
"34","Hérault",847365,195766,651599,8867,4004,638728,"F","LE PEN",165734,"M","MÉLENCHON",154819,"M","MACRON",142306,"M","ZEMMOUR",57751,"M","JADOT",28057,"F","PÉCRESSE",23230,"M","LASSALLE",22068,"M","ROUSSEL",14165,"F","HIDALGO",12150,"M","DUPONT-AIGNAN",11475,"M","POUTOU",4393,"F","ARTHAUD",2580
"35","Ille-et-Vilaine",771636,161427,610209,9511,3866,596832,"M","MACRON",205882,"M","MÉLENCHON",132510,"F","LE PEN",101797,"M","JADOT",42613,"M","ZEMMOUR",27463,"F","PÉCRESSE",26194,"M","LASSALLE",13985,"F","HIDALGO",13973,"M","ROUSSEL",12696,"M","DUPONT-AIGNAN",10560,"M","POUTOU",5376,"F","ARTHAUD",3783
"36","Indre",166100,41406,124694,2451,1246,120997,"F","LE PEN",34516,"M","MACRON",31498,"M","MÉLENCHON",20954,"M","ZEMMOUR",7438,"F","PÉCRESSE",6589,"M","LASSALLE",4984,"M","JADOT",3726,"M","ROUSSEL",3702,"M","DUPONT-AIGNAN",2886,"F","HIDALGO",2464,"M","POUTOU",1155,"F","ARTHAUD",1085
"37","Indre-et-Loire",440502,105536,334966,5437,2039,327490,"M","MACRON",101503,"F","LE PEN",70553,"M","MÉLENCHON",68012,"M","ZEMMOUR",19931,"F","PÉCRESSE",16279,"M","JADOT",16245,"M","LASSALLE",8520,"M","ROUSSEL",7835,"M","DUPONT-AIGNAN",7271,"F","HIDALGO",6216,"M","POUTOU",2882,"F","ARTHAUD",2243
"38","Isère",885440,198676,686764,10990,3478,672296,"M","MACRON",180533,"F","LE PEN",154799,"M","MÉLENCHON",153474,"M","ZEMMOUR",47450,"M","JADOT",40378,"F","PÉCRESSE",28575,"M","LASSALLE",17025,"M","ROUSSEL",14694,"M","DUPONT-AIGNAN",14327,"F","HIDALGO",12736,"M","POUTOU",4826,"F","ARTHAUD",3479
"39","Jura",190597,41634,148963,2625,1111,145227,"F","LE PEN",38179,"M","MACRON",36139,"M","MÉLENCHON",28882,"M","ZEMMOUR",9657,"F","PÉCRESSE",7424,"M","JADOT",6388,"M","LASSALLE",6218,"M","DUPONT-AIGNAN",4143,"M","ROUSSEL",3166,"F","HIDALGO",2635,"M","POUTOU",1343,"F","ARTHAUD",1053
"40","Landes",329337,65654,263683,4033,1600,258050,"M","MACRON",69459,"F","LE PEN",58646,"M","MÉLENCHON",44548,"M","LASSALLE",24308,"M","ZEMMOUR",16817,"F","PÉCRESSE",10393,"F","HIDALGO",9071,"M","JADOT",8628,"M","ROUSSEL",8176,"M","DUPONT-AIGNAN",4914,"M","POUTOU",1975,"F","ARTHAUD",1115
"41","Loir-et-Cher",244718,59350,185368,3181,1377,180810,"M","MACRON",50480,"F","LE PEN",50212,"M","MÉLENCHON",30377,"M","ZEMMOUR",12703,"F","PÉCRESSE",9586,"M","JADOT",7097,"M","LASSALLE",5483,"M","ROUSSEL",4507,"M","DUPONT-AIGNAN",4427,"F","HIDALGO",3165,"M","POUTOU",1527,"F","ARTHAUD",1246
"42","Loire",513794,118592,395202,6664,2600,385938,"M","MACRON",104003,"F","LE PEN",97764,"M","MÉLENCHON",78169,"M","ZEMMOUR",28706,"F","PÉCRESSE",18539,"M","JADOT",16656,"M","LASSALLE",11928,"M","DUPONT-AIGNAN",9029,"M","ROUSSEL",9017,"F","HIDALGO",6970,"M","POUTOU",2767,"F","ARTHAUD",2390
"43","Haute-Loire",180706,37000,143706,2837,1214,139655,"F","LE PEN",38629,"M","MACRON",32417,"M","MÉLENCHON",24332,"F","PÉCRESSE",9560,"M","ZEMMOUR",9529,"M","LASSALLE",7817,"M","JADOT",5796,"M","ROUSSEL",3493,"M","DUPONT-AIGNAN",3366,"F","HIDALGO",2491,"M","POUTOU",1205,"F","ARTHAUD",1020
"44","Loire-Atlantique",1056693,236339,820354,13373,4559,802422,"M","MACRON",256609,"M","MÉLENCHON",187977,"F","LE PEN",135702,"M","JADOT",60072,"M","ZEMMOUR",42761,"F","PÉCRESSE",37541,"F","HIDALGO",18369,"M","ROUSSEL",18322,"M","LASSALLE",18298,"M","DUPONT-AIGNAN",14779,"M","POUTOU",7280,"F","ARTHAUD",4712
"45","Loiret",457550,114468,343082,5512,2148,335422,"M","MACRON",97004,"F","LE PEN",85832,"M","MÉLENCHON",63486,"M","ZEMMOUR",22878,"F","PÉCRESSE",18086,"M","JADOT",14401,"M","LASSALLE",8483,"M","DUPONT-AIGNAN",7674,"M","ROUSSEL",7530,"F","HIDALGO",5656,"M","POUTOU",2433,"F","ARTHAUD",1959
"46","Lot",139278,27164,112114,1767,957,109390,"M","MACRON",27311,"M","MÉLENCHON",25932,"F","LE PEN",21422,"M","LASSALLE",8032,"M","ZEMMOUR",6123,"F","PÉCRESSE",5648,"M","JADOT",4603,"M","ROUSSEL",3559,"F","HIDALGO",2766,"M","DUPONT-AIGNAN",2400,"M","POUTOU",976,"F","ARTHAUD",618
"47","Lot-et-Garonne",241304,52907,188397,2793,1502,184102,"F","LE PEN",50290,"M","MACRON",42568,"M","MÉLENCHON",34044,"M","ZEMMOUR",15646,"M","LASSALLE",13600,"F","PÉCRESSE",7703,"M","JADOT",5686,"M","ROUSSEL",4970,"M","DUPONT-AIGNAN",3912,"F","HIDALGO",3357,"M","POUTOU",1437,"F","ARTHAUD",889
"48","Lozère",59812,11680,48132,741,395,46996,"M","MACRON",10739,"F","LE PEN",10497,"M","MÉLENCHON",9153,"M","LASSALLE",4722,"M","ZEMMOUR",3148,"F","PÉCRESSE",3039,"M","JADOT",1736,"M","ROUSSEL",1343,"F","HIDALGO",1045,"M","DUPONT-AIGNAN",913,"M","POUTOU",426,"F","ARTHAUD",235
"49","Maine-et-Loire",589263,136866,452397,8072,2983,441342,"M","MACRON",157063,"F","LE PEN",89433,"M","MÉLENCHON",80616,"M","JADOT",26635,"M","ZEMMOUR",21704,"F","PÉCRESSE",21538,"M","LASSALLE",11036,"M","DUPONT-AIGNAN",9420,"F","HIDALGO",8801,"M","ROUSSEL",8362,"M","POUTOU",3663,"F","ARTHAUD",3071
"50","Manche",384613,93460,291153,4747,1948,284458,"M","MACRON",92642,"F","LE PEN",69770,"M","MÉLENCHON",46940,"F","PÉCRESSE",14746,"M","ZEMMOUR",13990,"M","JADOT",11873,"M","LASSALLE",9421,"M","ROUSSEL",7368,"M","DUPONT-AIGNAN",6886,"F","HIDALGO",5853,"M","POUTOU",2720,"F","ARTHAUD",2249
"51","Marne",380644,101010,279634,3826,1702,274106,"F","LE PEN",83756,"M","MACRON",78472,"M","MÉLENCHON",42858,"M","ZEMMOUR",19501,"F","PÉCRESSE",14357,"M","JADOT",9561,"M","LASSALLE",6921,"M","DUPONT-AIGNAN",6159,"M","ROUSSEL",5307,"F","HIDALGO",3542,"M","POUTOU",1894,"F","ARTHAUD",1778
"52","Haute-Marne",129389,33273,96116,1489,819,93808,"F","LE PEN",34331,"M","MACRON",21886,"M","MÉLENCHON",13228,"M","ZEMMOUR",6450,"F","PÉCRESSE",4841,"M","LASSALLE",3327,"M","DUPONT-AIGNAN",2584,"M","JADOT",2580,"M","ROUSSEL",1833,"F","HIDALGO",1305,"M","POUTOU",747,"F","ARTHAUD",696
"53","Mayenne",224722,52812,171910,3483,1519,166908,"M","MACRON",60755,"F","LE PEN",37376,"M","MÉLENCHON",25608,"F","PÉCRESSE",9236,"M","ZEMMOUR",8042,"M","JADOT",7934,"M","LASSALLE",4673,"M","DUPONT-AIGNAN",3858,"F","HIDALGO",3468,"M","ROUSSEL",3313,"M","POUTOU",1372,"F","ARTHAUD",1273
"54","Meurthe-et-Moselle",492057,130919,361138,5092,2246,353800,"F","LE PEN",97243,"M","MACRON",95252,"M","MÉLENCHON",73892,"M","ZEMMOUR",23518,"M","JADOT",14588,"F","PÉCRESSE",13387,"M","LASSALLE",8739,"M","ROUSSEL",7961,"M","DUPONT-AIGNAN",7271,"F","HIDALGO",6362,"M","POUTOU",3214,"F","ARTHAUD",2373
"55","Meuse",134805,34092,100713,1509,691,98513,"F","LE PEN",34588,"M","MACRON",24539,"M","MÉLENCHON",13559,"M","ZEMMOUR",7347,"F","PÉCRESSE",4403,"M","LASSALLE",3500,"M","JADOT",3130,"M","DUPONT-AIGNAN",2422,"M","ROUSSEL",1957,"F","HIDALGO",1483,"M","POUTOU",883,"F","ARTHAUD",702
"56","Morbihan",608972,130520,478452,7959,3119,467374,"M","MACRON",152740,"F","LE PEN",102856,"M","MÉLENCHON",84200,"M","JADOT",27036,"M","ZEMMOUR",26595,"F","PÉCRESSE",22838,"M","LASSALLE",14399,"M","ROUSSEL",11529,"M","DUPONT-AIGNAN",9586,"F","HIDALGO",8267,"M","POUTOU",4376,"F","ARTHAUD",2952
"57","Moselle",745914,210299,535615,7943,3353,524319,"F","LE PEN",159254,"M","MACRON",136366,"M","MÉLENCHON",100159,"M","ZEMMOUR",39369,"F","PÉCRESSE",19300,"M","JADOT",18931,"M","LASSALLE",14163,"M","DUPONT-AIGNAN",12651,"M","ROUSSEL",8750,"F","HIDALGO",7534,"M","POUTOU",4343,"F","ARTHAUD",3499
"58","Nièvre",154186,38850,115336,1957,938,112441,"F","LE PEN",32838,"M","MACRON",28686,"M","MÉLENCHON",19930,"M","ZEMMOUR",7378,"F","PÉCRESSE",5172,"M","ROUSSEL",4281,"M","LASSALLE",4106,"M","JADOT",3552,"M","DUPONT-AIGNAN",2495,"F","HIDALGO",2160,"M","POUTOU",1010,"F","ARTHAUD",833
"59","Nord",1813906,514033,1299873,17416,7676,1274781,"F","LE PEN",373127,"M","MACRON",336138,"M","MÉLENCHON",279785,"M","ZEMMOUR",73168,"M","JADOT",46962,"M","ROUSSEL",45902,"F","PÉCRESSE",42470,"M","LASSALLE",22459,"M","DUPONT-AIGNAN",20617,"F","HIDALGO",18215,"M","POUTOU",8265,"F","ARTHAUD",7673
"60","Oise",564121,142081,422040,6324,4002,411714,"F","LE PEN",132873,"M","MACRON",100043,"M","MÉLENCHON",79446,"M","ZEMMOUR",30333,"F","PÉCRESSE",17450,"M","JADOT",13785,"M","DUPONT-AIGNAN",9393,"M","LASSALLE",9179,"M","ROUSSEL",9054,"F","HIDALGO",4251,"M","POUTOU",3048,"F","ARTHAUD",2859
"61","Orne",205538,50935,154603,2586,1067,150950,"M","MACRON",46005,"F","LE PEN",41804,"M","MÉLENCHON",22993,"M","ZEMMOUR",8910,"F","PÉCRESSE",8838,"M","JADOT",5513,"M","LASSALLE",4895,"M","DUPONT-AIGNAN",3826,"M","ROUSSEL",3261,"F","HIDALGO",2368,"M","POUTOU",1334,"F","ARTHAUD",1203
"62","Pas-de-Calais",1093723,286319,807404,10601,6150,790653,"F","LE PEN",305816,"M","MACRON",194610,"M","MÉLENCHON",124741,"M","ZEMMOUR",40764,"M","ROUSSEL",26146,"F","PÉCRESSE",25307,"M","JADOT",19295,"M","LASSALLE",17010,"M","DUPONT-AIGNAN",13970,"F","HIDALGO",11619,"F","ARTHAUD",5887,"M","POUTOU",5488
"63","Puy-de-Dôme",468103,100869,367234,6938,2709,357587,"M","MACRON",100134,"F","LE PEN",78182,"M","MÉLENCHON",74534,"M","ZEMMOUR",20624,"F","PÉCRESSE",17352,"M","JADOT",17029,"M","LASSALLE",16136,"M","ROUSSEL",12713,"F","HIDALGO",8216,"M","DUPONT-AIGNAN",6922,"M","POUTOU",3189,"F","ARTHAUD",2556
"64","Pyrénées-Atlantiques",519929,110134,409795,5816,2489,401490,"M","MACRON",111610,"M","MÉLENCHON",76030,"F","LE PEN",69768,"M","LASSALLE",48246,"M","ZEMMOUR",25877,"M","JADOT",19967,"F","PÉCRESSE",17166,"M","ROUSSEL",10170,"F","HIDALGO",9276,"M","DUPONT-AIGNAN",6721,"M","POUTOU",4982,"F","ARTHAUD",1677
"65","Hautes-Pyrénées",177443,39595,137848,2064,896,134888,"M","MACRON",33692,"F","LE PEN",29938,"M","MÉLENCHON",26449,"M","LASSALLE",14761,"M","ZEMMOUR",8714,"M","JADOT",4872,"F","PÉCRESSE",4560,"M","ROUSSEL",4539,"F","HIDALGO",3315,"M","DUPONT-AIGNAN",2409,"M","POUTOU",1003,"F","ARTHAUD",636
"66","Pyrénées-Orientales",362076,87704,274372,3528,2276,268568,"F","LE PEN",87930,"M","MACRON",55169,"M","MÉLENCHON",51556,"M","ZEMMOUR",24782,"M","LASSALLE",11690,"F","PÉCRESSE",8815,"M","JADOT",8588,"M","ROUSSEL",6509,"M","DUPONT-AIGNAN",5209,"F","HIDALGO",5013,"M","POUTOU",1995,"F","ARTHAUD",1312
"67","Bas-Rhin",778712,190224,588488,8335,3434,576719,"M","MACRON",177069,"F","LE PEN",145883,"M","MÉLENCHON",105055,"M","ZEMMOUR",40458,"M","JADOT",28573,"F","PÉCRESSE",24812,"M","DUPONT-AIGNAN",17009,"M","LASSALLE",14652,"F","HIDALGO",8348,"M","ROUSSEL",7015,"M","POUTOU",4158,"F","ARTHAUD",3687
"68","Haut-Rhin",531738,137861,393877,6382,2386,385109,"M","MACRON",107248,"F","LE PEN",106937,"M","MÉLENCHON",66238,"M","ZEMMOUR",30284,"M","JADOT",18963,"F","PÉCRESSE",15994,"M","DUPONT-AIGNAN",13745,"M","LASSALLE",11063,"F","HIDALGO",4881,"M","ROUSSEL",4649,"M","POUTOU",2842,"F","ARTHAUD",2265
"69","Rhône",1181226,255580,925646,12708,3925,909013,"M","MACRON",278243,"M","MÉLENCHON",229036,"F","LE PEN",150463,"M","ZEMMOUR",74168,"M","JADOT",51907,"F","PÉCRESSE",50263,"M","LASSALLE",17572,"M","DUPONT-AIGNAN",16487,"M","ROUSSEL",15938,"F","HIDALGO",15895,"M","POUTOU",5267,"F","ARTHAUD",3774
"70","Haute-Saône",177715,39039,138676,2364,1573,134739,"F","LE PEN",46618,"M","MACRON",30204,"M","MÉLENCHON",21089,"M","ZEMMOUR",9675,"F","PÉCRESSE",6754,"M","LASSALLE",4820,"M","JADOT",4292,"M","DUPONT-AIGNAN",3640,"M","ROUSSEL",2836,"F","HIDALGO",2345,"M","POUTOU",1295,"F","ARTHAUD",1171
"71","Saône-et-Loire",402992,95369,307623,5923,2400,299300,"M","MACRON",82633,"F","LE PEN",81970,"M","MÉLENCHON",52336,"M","ZEMMOUR",20686,"F","PÉCRESSE",15210,"M","JADOT",10730,"M","LASSALLE",10186,"M","DUPONT-AIGNAN",7745,"M","ROUSSEL",7419,"F","HIDALGO",6037,"M","POUTOU",2369,"F","ARTHAUD",1979
"72","Sarthe",411308,105454,305854,6694,2098,297062,"M","MACRON",83876,"F","LE PEN",82234,"M","MÉLENCHON",54244,"M","ZEMMOUR",16218,"F","PÉCRESSE",15937,"M","JADOT",13541,"M","LASSALLE",7546,"M","ROUSSEL",6908,"M","DUPONT-AIGNAN",6494,"F","HIDALGO",5409,"M","POUTOU",2505,"F","ARTHAUD",2150
"73","Savoie",320709,68929,251780,3931,1491,246358,"M","MACRON",64689,"F","LE PEN",56733,"M","MÉLENCHON",49858,"M","ZEMMOUR",18045,"M","JADOT",15642,"F","PÉCRESSE",13608,"M","LASSALLE",8081,"M","DUPONT-AIGNAN",6694,"M","ROUSSEL",5536,"F","HIDALGO",4418,"M","POUTOU",1849,"F","ARTHAUD",1205
"74","Haute-Savoie",565665,129384,436281,6918,2224,427139,"M","MACRON",130422,"F","LE PEN",87744,"M","MÉLENCHON",78062,"M","ZEMMOUR",33353,"M","JADOT",29948,"F","PÉCRESSE",22349,"M","DUPONT-AIGNAN",14175,"M","LASSALLE",13371,"F","HIDALGO",6606,"M","ROUSSEL",5997,"M","POUTOU",3232,"F","ARTHAUD",1880
"75","Paris",1368025,296668,1071357,11028,5267,1055062,"M","MACRON",372820,"M","MÉLENCHON",317372,"M","ZEMMOUR",86088,"M","JADOT",80268,"F","PÉCRESSE",69564,"F","LE PEN",58429,"F","HIDALGO",22901,"M","ROUSSEL",17267,"M","LASSALLE",12139,"M","DUPONT-AIGNAN",9591,"M","POUTOU",5732,"F","ARTHAUD",2891
"76","Seine-Maritime",879252,222147,657105,10982,3158,642965,"M","MACRON",179698,"F","LE PEN",177806,"M","MÉLENCHON",136136,"M","ZEMMOUR",33361,"M","JADOT",24785,"F","PÉCRESSE",24281,"M","ROUSSEL",19896,"M","LASSALLE",13588,"M","DUPONT-AIGNAN",12365,"F","HIDALGO",11139,"M","POUTOU",5477,"F","ARTHAUD",4433
"77","Seine-et-Marne",899303,223172,676131,11057,4145,660929,"M","MÉLENCHON",170969,"M","MACRON",165208,"F","LE PEN",155738,"M","ZEMMOUR",47893,"F","PÉCRESSE",36828,"M","JADOT",26718,"M","DUPONT-AIGNAN",15042,"M","LASSALLE",13797,"M","ROUSSEL",12843,"F","HIDALGO",7853,"M","POUTOU",4600,"F","ARTHAUD",3440
"78","Yvelines",961245,211708,749537,9601,3430,736506,"M","MACRON",246062,"M","MÉLENCHON",168585,"F","LE PEN",101398,"M","ZEMMOUR",64407,"F","PÉCRESSE",61296,"M","JADOT",40470,"M","LASSALLE",13687,"M","DUPONT-AIGNAN",13097,"M","ROUSSEL",11721,"F","HIDALGO",9046,"M","POUTOU",3963,"F","ARTHAUD",2774
"79","Deux-Sèvres",273214,59403,213811,3839,2168,207804,"M","MACRON",68446,"F","LE PEN",47903,"M","MÉLENCHON",39120,"M","JADOT",10074,"F","PÉCRESSE",9257,"M","ZEMMOUR",8803,"M","LASSALLE",7014,"M","ROUSSEL",4538,"M","DUPONT-AIGNAN",4531,"F","HIDALGO",4340,"M","POUTOU",2134,"F","ARTHAUD",1644
"80","Somme",410056,102687,307369,4837,3614,298918,"F","LE PEN",98024,"M","MACRON",83107,"M","MÉLENCHON",52343,"M","ZEMMOUR",16885,"F","PÉCRESSE",11380,"M","JADOT",8048,"M","ROUSSEL",7706,"M","LASSALLE",7371,"M","DUPONT-AIGNAN",5616,"F","HIDALGO",3746,"F","ARTHAUD",2486,"M","POUTOU",2206
"81","Tarn",298178,62818,235360,3451,2067,229842,"F","LE PEN",56543,"M","MACRON",53925,"M","MÉLENCHON",48430,"M","LASSALLE",17010,"M","ZEMMOUR",15982,"F","PÉCRESSE",10014,"M","JADOT",8680,"F","HIDALGO",5818,"M","ROUSSEL",5313,"M","DUPONT-AIGNAN",5123,"M","POUTOU",1829,"F","ARTHAUD",1175
"82","Tarn-et-Garonne",188706,39625,149081,2169,1092,145820,"F","LE PEN",42183,"M","MACRON",31737,"M","MÉLENCHON",27881,"M","ZEMMOUR",11772,"M","LASSALLE",9573,"F","PÉCRESSE",5994,"M","JADOT",4835,"M","ROUSSEL",3628,"M","DUPONT-AIGNAN",3412,"F","HIDALGO",3069,"M","POUTOU",1057,"F","ARTHAUD",679
"83","Var",820904,211212,609692,7803,3159,598730,"F","LE PEN",183287,"M","MACRON",142335,"M","MÉLENCHON",89272,"M","ZEMMOUR",79329,"F","PÉCRESSE",28342,"M","JADOT",21044,"M","LASSALLE",17784,"M","DUPONT-AIGNAN",15286,"M","ROUSSEL",10672,"F","HIDALGO",5703,"M","POUTOU",3578,"F","ARTHAUD",2098
"84","Vaucluse",411607,101650,309957,4350,1742,303865,"F","LE PEN",89413,"M","MACRON",66885,"M","MÉLENCHON",63049,"M","ZEMMOUR",30473,"M","JADOT",12128,"F","PÉCRESSE",11918,"M","LASSALLE",9843,"M","DUPONT-AIGNAN",6896,"M","ROUSSEL",6247,"F","HIDALGO",3769,"M","POUTOU",2023,"F","ARTHAUD",1221
"85","Vendée",550963,120547,430416,7312,3395,419709,"M","MACRON",149587,"F","LE PEN",97280,"M","MÉLENCHON",60524,"M","ZEMMOUR",25663,"F","PÉCRESSE",22534,"M","JADOT",19753,"M","LASSALLE",13039,"M","DUPONT-AIGNAN",9664,"M","ROUSSEL",8153,"F","HIDALGO",7244,"M","POUTOU",3621,"F","ARTHAUD",2647
"86","Vienne",306011,68304,237707,4053,2002,231652,"M","MACRON",67831,"F","LE PEN",54214,"M","MÉLENCHON",49162,"M","ZEMMOUR",11939,"M","JADOT",10727,"F","PÉCRESSE",9959,"M","LASSALLE",7741,"M","ROUSSEL",6412,"M","DUPONT-AIGNAN",5095,"F","HIDALGO",4542,"M","POUTOU",2315,"F","ARTHAUD",1715
"87","Haute-Vienne",263742,55484,208258,3787,2353,202118,"M","MACRON",54951,"F","LE PEN",45357,"M","MÉLENCHON",43137,"M","ZEMMOUR",10796,"M","LASSALLE",9973,"F","PÉCRESSE",9544,"M","ROUSSEL",8030,"M","JADOT",7877,"F","HIDALGO",5654,"M","DUPONT-AIGNAN",3555,"M","POUTOU",1787,"F","ARTHAUD",1457
"88","Vosges",277913,68914,208999,3431,1874,203694,"F","LE PEN",65646,"M","MACRON",51432,"M","MÉLENCHON",32655,"M","ZEMMOUR",13184,"F","PÉCRESSE",9344,"M","JADOT",7562,"M","LASSALLE",7203,"M","DUPONT-AIGNAN",6152,"M","ROUSSEL",3847,"F","HIDALGO",3114,"M","POUTOU",1986,"F","ARTHAUD",1569
"89","Yonne",237957,57549,180408,2715,1182,176511,"F","LE PEN",55164,"M","MACRON",42617,"M","MÉLENCHON",31601,"M","ZEMMOUR",12941,"F","PÉCRESSE",9322,"M","JADOT",5917,"M","LASSALLE",5356,"M","DUPONT-AIGNAN",4594,"M","ROUSSEL",4023,"F","HIDALGO",2286,"M","POUTOU",1487,"F","ARTHAUD",1203
"90","Territoire de Belfort",93724,22238,71486,1242,590,69654,"F","LE PEN",19061,"M","MACRON",16768,"M","MÉLENCHON",14601,"M","ZEMMOUR",5583,"F","PÉCRESSE",3322,"M","JADOT",2798,"M","LASSALLE",2000,"M","DUPONT-AIGNAN",1821,"M","ROUSSEL",1485,"F","HIDALGO",1052,"M","POUTOU",603,"F","ARTHAUD",560
"91","Essonne",799500,192200,607300,8954,3405,594941,"M","MÉLENCHON",167310,"M","MACRON",164503,"F","LE PEN",105862,"M","ZEMMOUR",39284,"F","PÉCRESSE",33046,"M","JADOT",29562,"M","DUPONT-AIGNAN",15203,"M","ROUSSEL",13480,"M","LASSALLE",11610,"F","HIDALGO",7944,"M","POUTOU",4306,"F","ARTHAUD",2831
"92","Hauts-de-Seine",997667,208790,788877,11841,2294,774742,"M","MACRON",287494,"M","MÉLENCHON",199640,"F","LE PEN",64812,"M","ZEMMOUR",62761,"F","PÉCRESSE",62231,"M","JADOT",47103,"M","ROUSSEL",13170,"M","LASSALLE",11260,"F","HIDALGO",10518,"M","DUPONT-AIGNAN",9743,"M","POUTOU",3704,"F","ARTHAUD",2306
"93","Seine-Saint-Denis",793929,239927,554002,7607,3244,543151,"M","MÉLENCHON",266632,"M","MACRON",110118,"F","LE PEN",64543,"M","ZEMMOUR",27969,"M","JADOT",19352,"F","PÉCRESSE",17481,"M","ROUSSEL",11642,"M","LASSALLE",6805,"M","DUPONT-AIGNAN",6300,"F","HIDALGO",5890,"M","POUTOU",3663,"F","ARTHAUD",2756
"94","Val-de-Marne",796086,195409,600677,8501,3118,589058,"M","MÉLENCHON",192427,"M","MACRON",171409,"F","LE PEN",69599,"M","ZEMMOUR",43430,"F","PÉCRESSE",32522,"M","JADOT",31904,"M","ROUSSEL",14954,"M","DUPONT-AIGNAN",9359,"M","LASSALLE",8944,"F","HIDALGO",8276,"M","POUTOU",3730,"F","ARTHAUD",2504
"95","Val-d'Oise",733529,192853,540676,8027,3064,529585,"M","MÉLENCHON",175666,"M","MACRON",138166,"F","LE PEN",91081,"M","ZEMMOUR",37564,"F","PÉCRESSE",26403,"M","JADOT",20710,"M","ROUSSEL",10060,"M","LASSALLE",9101,"M","DUPONT-AIGNAN",8996,"F","HIDALGO",6094,"M","POUTOU",3352,"F","ARTHAUD",2392
"971","Guadeloupe",316023,174592,141431,2719,3627,135085,"M","MÉLENCHON",75862,"F","LE PEN",24204,"M","MACRON",18137,"F","PÉCRESSE",3979,"M","ZEMMOUR",3098,"F","HIDALGO",2266,"M","DUPONT-AIGNAN",2114,"M","JADOT",1927,"F","ARTHAUD",1084,"M","LASSALLE",1033,"M","POUTOU",713,"M","ROUSSEL",668
"972","Martinique",304594,174588,130006,4001,3056,122949,"M","MÉLENCHON",65292,"M","MACRON",20043,"F","LE PEN",16495,"F","PÉCRESSE",4731,"F","HIDALGO",3935,"M","ZEMMOUR",3153,"M","DUPONT-AIGNAN",2989,"M","JADOT",1978,"F","ARTHAUD",1447,"M","LASSALLE",1162,"M","POUTOU",977,"M","ROUSSEL",747
"973","Guyane",102993,65754,37239,825,553,35861,"M","MÉLENCHON",18143,"F","LE PEN",6334,"M","MACRON",5101,"M","ZEMMOUR",1573,"F","PÉCRESSE",997,"M","JADOT",940,"M","DUPONT-AIGNAN",717,"F","HIDALGO",535,"M","LASSALLE",516,"M","POUTOU",462,"F","ARTHAUD",297,"M","ROUSSEL",246
"974","La Réunion",675539,313159,362380,7361,8253,346766,"M","MÉLENCHON",139604,"F","LE PEN",85770,"M","MACRON",62542,"M","ZEMMOUR",13070,"F","PÉCRESSE",9738,"M","DUPONT-AIGNAN",8338,"M","JADOT",7994,"F","HIDALGO",5549,"M","LASSALLE",4844,"F","ARTHAUD",3538,"M","ROUSSEL",3074,"M","POUTOU",2705
"975","Saint-Pierre-et-Miquelon",5045,2272,2773,47,25,2701,"M","MÉLENCHON",1105,"M","MACRON",534,"F","LE PEN",459,"M","JADOT",116,"M","LASSALLE",108,"M","DUPONT-AIGNAN",82,"M","ZEMMOUR",80,"F","HIDALGO",75,"F","PÉCRESSE",51,"M","POUTOU",50,"F","ARTHAUD",22,"M","ROUSSEL",19
"976","Mayotte",92187,55024,37163,922,1191,35050,"F","LE PEN",14958,"M","MÉLENCHON",8398,"M","MACRON",5936,"F","PÉCRESSE",2810,"M","DUPONT-AIGNAN",530,"M","ZEMMOUR",482,"F","ARTHAUD",430,"M","LASSALLE",359,"M","POUTOU",328,"F","HIDALGO",318,"M","JADOT",295,"M","ROUSSEL",206
"977","Saint-Martin/Saint-Barthélemy",24414,15812,8602,150,84,8368,"M","MÉLENCHON",2354,"M","MACRON",2070,"F","LE PEN",1445,"M","ZEMMOUR",1107,"F","PÉCRESSE",354,"M","DUPONT-AIGNAN",339,"M","JADOT",247,"M","LASSALLE",208,"F","HIDALGO",92,"M","POUTOU",63,"M","ROUSSEL",48,"F","ARTHAUD",41
"986","Wallis et Futuna",9528,4125,5403,27,17,5359,"M","MACRON",2115,"F","PÉCRESSE",1354,"F","LE PEN",579,"M","MÉLENCHON",501,"M","DUPONT-AIGNAN",244,"M","ZEMMOUR",118,"F","HIDALGO",118,"F","ARTHAUD",98,"M","LASSALLE",78,"M","JADOT",72,"M","POUTOU",48,"M","ROUSSEL",34
"987","Polynésie française",205576,142121,63455,1490,1935,60030,"M","MACRON",24106,"F","LE PEN",11705,"M","MÉLENCHON",7990,"F","PÉCRESSE",4725,"M","ZEMMOUR",4283,"M","JADOT",2150,"M","DUPONT-AIGNAN",1969,"F","HIDALGO",865,"F","ARTHAUD",808,"M","LASSALLE",610,"M","POUTOU",451,"M","ROUSSEL",368
"988","Nouvelle-Calédonie",218773,145807,72966,1777,689,70500,"M","MACRON",28561,"F","LE PEN",13273,"M","MÉLENCHON",9711,"M","ZEMMOUR",6435,"F","PÉCRESSE",4144,"M","DUPONT-AIGNAN",2697,"M","JADOT",2161,"M","LASSALLE",1031,"F","HIDALGO",963,"F","ARTHAUD",565,"M","POUTOU",560,"M","ROUSSEL",399
